CDR3,Antigen,HLA
CASSYLAGGYNEQFF,SPRWYFYYL,B*07:02
CATSTGGQPQHF,SPRWYFYYL,B*07:02
CASSERDSPGNVLTF,SPRWYFYYL,B*07:02
CASSERASPGNVLTF,SPRWYFYYL,B*07:02
CASSSLTSGAYNEQFF,SPRWYFYYL,B*07:02
CASSPLAGGEEKKETQYF,SPRWYFYYL,B*07:02
CASSTLATNEKLFF,SPRWYFYYL,B*07:02
CASSLNRANTEAFF,SPRWYFYYL,B*07:02
CATDRNTEAFF,KTFPPTEPK,A*03:01
CASSQQGGYEQFF,SPRWYFYYL,B*07:02
CATSRQSGPTLNSGNTIYF,SPRWYFYYL,B*07:02
CASSAGQNSYEQYF,SPRWYFYYL,B*07:02
CSVSGGYGYTF,SPRWYFYYL,B*07:02
CASSEGDEQYF,YLQPRTFLL,A*02:01
CASRDRDSYEQYF,YLQPRTFLL,A*02:01
CSARDRRVDSRNTGELFF,SPRWYFYYL,B*07:02
CATSLLSTGELFF,SPRWYFYYL,B*07:02
CASEATNTGELFF,KTFPPTEPK,A*03:01
CASSLSYRGNTEAFF,SPRWYFYYL,B*07:02
CASSPSYRGNNSPLHF,SPRWYFYYL,B*07:02
CASSLRGQLNTGELFF,SPRWYFYYL,B*07:02
CATSDLNGGGYTF,SPRWYFYYL,B*07:02
CASSAGTGAYGYTF,QYIKWPWYI,A*24:02
CASSEGLGELFF,KTFPPTEPK,A*03:01
CASSLAAGQNNEQFF,KTFPPTEPK,A*03:01
CASSLSYRGNQPQHF,SPRWYFYYL,B*07:02
CAEGNLNTGELFF,YLQPRTFLL,A*02:01
CASSPGHYSNQPQHF,SPRWYFYYL,B*07:02
CASRSGGTEAFF,SPRWYFYYL,B*07:02
CASSERNHLEAFF,YLQPRTFLL,A*02:01
CASSERNHLEAFF,YLQPRTFLL,A*02:01
CASQETNTGELFF,YLQPRTFLL,A*02:01
CSARDQPAQNTGELFF,YLQPRTFLL,A*02:01
CASSQSYRGNTEAFF,SPRWYFYYL,B*07:02
CASSYSYRGNDEQYF,SPRWYFYYL,B*07:02
CASSLSYRGNNSPLHF,SPRWYFYYL,B*07:02
CASSLSYRGNQPQHF,SPRWYFYYL,B*07:02
CASSLSYRGNTEAFF,SPRWYFYYL,B*07:02
CASSLSYRGNSPLHF,SPRWYFYYL,B*07:02
CASSLSYRGNQPQHF,SPRWYFYYL,B*07:02
CASSLSYRGNQPQHF,SPRWYFYYL,B*07:02
CASSLSYRGNTEAFF,SPRWYFYYL,B*07:02
CSASSRDSQNTGELFF,YLQPRTFLL,A*02:01
CASSPPTGGNTGELFF,YLQPRTFLL,A*02:01
CASSLAGTEAFF,SPRWYFYYL,B*07:02
CASSESYRGNTEAFF,SPRWYFYYL,B*07:02
CASSESYRGNTEAFF,SPRWYFYYL,B*07:02
CSARDRDRAYEQYF,QYIKWPWYI,A*24:02
CASSPPPSPRELNTDTQYF,QYIKWPWYI,A*24:02
CASSADIGAFF,YLQPRTFLL,A*02:01
CASSQRNTGELFF,YLQPRTFLL,A*02:01
CSVGEQNTGELFF,YLQPRTFLL,A*02:01
CASISLNTGELFF,YLQPRTFLL,A*02:01
CSAHRDRNTGELFF,YLQPRTFLL,A*02:01
CAPGSANTGELFF,YLQPRTFLL,A*02:01
CASSGGRNTEAFF,KTFPPTEPK,A*03:01
CASSLGSEQYF,SPRWYFYYL,B*07:02
CASSPLTGSPVAKNIQYF,SPRWYFYYL,B*07:02
CASSGLAERNTGELFF,YLQPRTFLL,A*02:01
CASSNGNTGELFF,YLQPRTFLL,A*02:01
CATQDMNTGELFF,YLQPRTFLL,A*02:01
CSVMDSLNTGELFF,YLQPRTFLL,A*02:01
CASQQGNTGELFF,YLQPRTFLL,A*02:01
CASNPDRNTGELFF,YLQPRTFLL,A*02:01
CASSEWLQETQYF,YLQPRTFLL,A*02:01
CSARDLWGENTGELFF,YLQPRTFLL,A*02:01
CASRVENTGELFF,YLQPRTFLL,A*02:01
CSARDGQAMNTGELFF,YLQPRTFLL,A*02:01
CSARNDRGHNTGELFF,YLQPRTFLL,A*02:01
CASSGNRDRNTGELFF,YLQPRTFLL,A*02:01
CASRGDREMNTGELFF,YLQPRTFLL,A*02:01
CASSPPGLGNTGELFF,YLQPRTFLL,A*02:01
CASRGGQGMNTGELFF,YLQPRTFLL,A*02:01
CASPDLNTGELFF,YLQPRTFLL,A*02:01
CSARDRVGQNTGELFF,YLQPRTFLL,A*02:01
CASSDQNTGELFF,YLQPRTFLL,A*02:01
CAQGDANTGELFF,YLQPRTFLL,A*02:01
CASADLDTGELFF,YLQPRTFLL,A*02:01
CASGSLNTGELFF,YLQPRTFLL,A*02:01
CAMRTDPNTGELFF,YLQPRTFLL,A*02:01
CASSPIAGGNTGELFF,YLQPRTFLL,A*02:01
CANGDLNSGELFF,YLQPRTFLL,A*02:01
CAGQEMNTGELFF,YLQPRTFLL,A*02:01
CASTLDQNTGELFF,YLQPRTFLL,A*02:01
CASGNLNTGELFF,YLQPRTFLL,A*02:01
CASTDANTGELFF,YLQPRTFLL,A*02:01
CSATRDLNTGELFF,YLQPRTFLL,A*02:01
CATQTLNTGELFF,YLQPRTFLL,A*02:01
CSARDPTQQNTGELFF,YLQPRTFLL,A*02:01
CSARDDRALNTGELFF,YLQPRTFLL,A*02:01
CAKDDANTGELFF,YLQPRTFLL,A*02:01
CATGESNTGELFF,YLQPRTFLL,A*02:01
CASSYANTGELFF,YLQPRTFLL,A*02:01
CSVEGDRNTGELFF,YLQPRTFLL,A*02:01
CASSYIDSLEAFF,YLQPRTFLL,A*02:01
CSVETDRNTVEAFF,YLQPRTFLL,A*02:01
CAWIELNTGELFF,YLQPRTFLL,A*02:01
CASGELNTGELFF,YLQPRTFLL,A*02:01
CASSPLFGGNTGELFF,YLQPRTFLL,A*02:01
CSVSDRNDLVAFF,YLQPRTFLL,A*02:01
CSVQVLNTGELFF,YLQPRTFLL,A*02:01
CSARDSRGQNTGELFF,YLQPRTFLL,A*02:01
CARGSLNTGELFF,YLQPRTFLL,A*02:01
CAIQDSNTGELFF,YLQPRTFLL,A*02:01
CARGAANTGELFF,YLQPRTFLL,A*02:01
CASDRDRNTGELFF,YLQPRTFLL,A*02:01
CASSDIDSGELFF,YLQPRTFLL,A*02:01
CSVETDRNTVEAFF,YLQPRTFLL,A*02:01
CSVGELNTGELFF,YLQPRTFLL,A*02:01
CASRDLAGWNTGELFF,YLQPRTFLL,A*02:01
CATTELNTGELFF,YLQPRTFLL,A*02:01
CASRDRDSLNTGELFF,YLQPRTFLL,A*02:01
CANQDLNTGELFF,YLQPRTFLL,A*02:01
CASSPEDEQYF,YLQPRTFLL,A*02:01
CASSELNGFEAFF,YLQPRTFLL,A*02:01
CASSTSGGGEQYF,QYIKWPWYI,A*24:01
CASSLAGANEQFF,SPRWYFYYL,B*07:02
CATSRLAGGYNEQFF,SPRWYFYYL,B*07:02
CASSLWNTGELFF,SPRWYFYYL,B*07:02
CASSKRTDSYEQYF,PTDNYITTY,A*01:01
CASSLGQTEAFF,LLYDANYFL,A*02:01
CASSIGGTEAFF,LLYDANYFL,A*02:01
CASSTDREGITPQHF,ALSKGVHFV,A*02:01
CASSLLDSLEQYF,YLQPRTFLL,A*02:01
CSARTPMGQNTGELFF,YLQPRTFLL,A*02:01
CASSSDIIAFF,YLQPRTFLL,A*02:01
CASGDLNTGELFF,YLQPRTFLL,A*02:01
CARQDSNTGELFF,YLQPRTFLL,A*02:01
CAGQGLNTGELFF,YLQPRTFLL,A*02:01
CASGDGNTGELFF,YLQPRTFLL,A*02:01
CASSPDVEAFF,YLQPRTFLL,A*02:01
CSARDLAGMNTGELFF,YLQPRTFLL,A*02:01
CASSSEIEAFF,YLQPRTFLL,A*02:01
CAIQEANTGELFF,YLQPRTFLL,A*02:01
CAEQDLNTGELFF,YLQPRTFLL,A*02:01
CSARDAGGQNTGELFF,YLQPRTFLL,A*02:01
CSVSRDRNTGELFF,YLQPRTFLL,A*02:01
CASRGPGQMNTGELFF,YLQPRTFLL,A*02:01
CASSSDDMRNTGELFF,YLQPRTFLL,A*02:01
CADQDSNTGELFF,YLQPRTFLL,A*02:01
CSARDQASQNTGELFF,YLQPRTFLL,A*02:01
CSARDERALNTGELFF,YLQPRTFLL,A*02:01
CAIASQNTGELFF,YLQPRTFLL,A*02:01
CSARDHGATNTGELFF,YLQPRTFLL,A*02:01
CASAEMNTGELFF,YLQPRTFLL,A*02:01
CASMDLNTGELFF,YLQPRTFLL,A*02:01
CASSPDILAFF,YLQPRTFLL,A*02:01
CASSEGRGYEQFF,NYNYLYRLF,A*24:02
CASSVGQGYEQYF,NYNYLYRLF,A*24:02
CASSLQVNTEAFF,QYIKWPWYI,A*24:02
CASSEGESNTGELFF,YLQPRTFLL,A*02:01
CASSADIEQYF,YLQPRTFLL,A*02:01
CSVDRDRNTGELFF,YLQPRTFLL,A*02:01
CASSQDIYAFF,YLQPRTFLL,A*02:01
CASSPDILHTF,YLQPRTFLL,A*02:01
CANGSPNTGELFF,YLQPRTFLL,A*02:01
CASSPPSGGNTGELFF,YLQPRTFLL,A*02:01
CASLGDPNTGELFF,YLQPRTFLL,A*02:01
CASSILAGGNTGELFF,YLQPRTFLL,A*02:01
CASSPPGHGNTGELFF,YLQPRTFLL,A*02:01
CSARDIGTGAHYEQYF,QYIKWPWYI,A*24:02
CASSETQGYEQFF,NYNYLYRLF,A*24:02
CASSEWRGYEQYF,NYNYLYRLF,A*24:02
CASSQVAGYEQYF,NYNYLYRLF,A*24:02
CATSESGGYEQYF,NYNYLYRLF,A*24:02
CASSHTGGYEQFF,NYNYLYRLF,A*24:02
CASSLTSGYEQYF,NYNYLYRLF,A*24:02
CASQDINTGELFF,YLQPRTFLL,A*02:01
CATTDLDSGELFF,YLQPRTFLL,A*02:01
CASFQDQNTGELFF,YLQPRTFLL,A*02:01
CAWLRDMNTGELFF,YLQPRTFLL,A*02:01
CATQTLNTGELFF,YLQPRTFLL,A*02:01
CASHSDRNTGELFF,YLQPRTFLL,A*02:01
CASEDLNTGELFF,YLQPRTFLL,A*02:01
CASSPEDIQYF,YLQPRTFLL,A*02:01
CAEGERNTGELFF,YLQPRTFLL,A*02:01
CSAQWDRNTGELFF,YLQPRTFLL,A*02:01
CASGHPNDLKAFF,YLQPRTFLL,A*02:01
CASSSATFFEQNYGYTF,YLQPRTFLL,A*02:01
CATGGDHNTGELFF,YLQPRTFLL,A*02:01
CSVTRDSNTGELFF,YLQPRTFLL,A*02:01
CSARDQQGQNTGELFF,YLQPRTFLL,A*02:01
CASSEIAGGNTGELFF,YLQPRTFLL,A*02:01
CASTELDTGELFF,YLQPRTFLL,A*02:01
CASSLGATNSPLHF,CVMYASAVV,A*02:01
CASSFGTSGEQFF,KPASRELKV,A*11:01
CASSPGLIATNTGELFF,FIASFRLFA,B*15:01
CSARALAGEYLFF,PTDQSFYIV,A*11:01
CASSSQGAISNQPQHF,GLIAIVMVT,B*07:02
CASSQDGWGERVPQHF,GLFKDCSKV,A*24:02
CASSEVYSNQPQHF,NVFAFPFTI,A*24:02
CATSRGYRGEETQYF,YLDSTDVTI,A*03:01
CASSLVSLQETQYF,ALWEIQQVV,B*44:02
CASSMSGLATEAFF,RVAGDSGFAAY,A*01:01
CASSLGATGDEQYF,LSPRWYFYY,A*02
CASTPGAGEGYEQYF,TLVFLFVAA,B*15:01
CASSTGQVETQYF,LIDFYLCFL,A*24:02
CAWRRITSTDTQYF,AIILASFSA,A*24:02
CASSLAEEEYEQYF,KLIEYTDFA,A*24:02
CASSVVGDTDTQYF,MPASWVMRI,A*24:01
CASGREAPWNEQFF,SLLSVLLSM,A*02
CSVEQTDTEAFF,VIYMGTLSY,B*44:02
CASSLADDEQFF,ALLSDLQDL,B*40:01
CSARSGLAGVADTQYF,LDRLNQLES,B*07:02
CATSDSGPSYNEQFF,RTIKGTYHW,B*44:02
CASSIRTSGGQETQYF,NTFSSTFNV,A*11:01
CASSLPPPSASGSKSNEQFF,RSRNSSRNL,A*02
CSARASGYSYEQYF,NPTIQKNVL,A*24:02
CASSLGREEGGELFF,TLLFLMSFT,A*24:02
CASRRAADPYNEQFF,LMNVLTLFY,A*01:01
CASSSPTDTYEQYV,TVLSFCAFA,B*15:01
CAISELNQPQHF,YTNDKACPL,A*01:01
CASRPAGGWGNEQFF,YLNSTNVTI,A*24:02
CASSPNMFYGYTF,LYALVYFLQ,A*02
CSVGVSVPYNEQFF,KLVSSFLEM,B*44:02
CASSLQEGGTDTQYF,FSDVTWFHA,B*07:02
CASSEYTGAGTGELFF,YTMADLVYA,A*24:02
CASSLDLMGNQPQHF,FIDTKRGVY,A*01:01
CAWGGGWETQYF,IQPGQTFSV,B*15:01
CASSPTTGAATEAFF,KPLPEVKIL,A*24:01
CSARDLAGGTLNEQFF,ILLLDQALV,A*24:01
CSAVFRGARNIQYF,FGDDTVIEV,A*24:02
CASSIWGHTTDTQYF,ALVYFLQSI,B*07:02
CASSSSGQGAGEQYF,HTDLMAAYV,A*24:02
CASSYPPRTPEYEQYF,VLLSVLQQL,A*02:01
CASSDRRGTDTQYF,VINGDRWFL,B*07:02
CATGRGGETGELFF,TLGVLVPHV,B*07:02
CATSRDSGLAGYTF,FPQSAPHGVVF,A*02:01
CASSRNQGREAAFF,KQLSSNFGA,B*07:02
CASSRLGTAGYTF,LLWPVTLAC,B*44:02
CASSLSGQRGNQPQHF,LLLDRLNQL,B*07:02
CASSLGSSGRPGGDTQYF,NTLQCIMLV,A*02:01
CASTTWGGTDTQYF,DKDPNFKDQ,A*24:01
CASSFSGDRIDEQFF,FLEGETLPT,A*02
CAISEMASGLSGELFF,PTDNYITTY,B*44:02
CASSLGGDYGYTF,LPDDFMGCV,A*11:01
CASSEAAGGRVAYEQYF,YADVFHLYL,B*40:01
CASSEVGVAVSTDTQYF,KQIYKTPPI,A*02:01
CASSKGQSTDTQYF,FIDIKRGVY,A*02:01
CASSQDLEAFF,FTSDYYQLY,A*11:01
CASSPDTHQPQHF,FPDLNGDVV,A*03:01
CASCQYGSNQPQHF,ILPDPSKPS,A*11:01
CSAPGLAGELFF,MEVTPSGTWL,B*15:01
CASSGAGGDTGELFF,VLAWLYAAV,B*15:01
CSAPRLAGTDTQYF,IPIQASLSF,A*03:01
CSVDEQVYGYTF,YTPSKLIEY,B*44:02
CASSPTRGGLLAGSTDTQYF,LLFNKVTLA,B*15:01
CAWSRGVAGTQETQYF,FPLCANGQV,A*24:01
CASSPTGGSMNEQFF,IKLDDKDPN,B*07:02
CASSQDKDIMNTEAFF,HLLLVAAGL,A*03:01
CASSSGPKGTQYF,SPRWYFYYL,A*03:01
CASSLIGRGEYGYTF,SVFNICQAV,B*44:02
CASSLGAQGYNEQFF,YLAVFDKNL,A*11:01
CASSYGPGTQYF,SLTYSTAAL,A*11:01
CASSEGQRLLDF,QVVSDIDYV,A*01:01
CASSLVHQPQHF,YYRYNLPTM,B*07:02
CASSYSIPGHPTMYF,ALWEIQQVV,A*24:02
CASSDPGTGINF,LTYHGAIKL,B*07:02
CSVVIYVARAAQSSYNEQFF,FLPFFSNVT,A*02
CSAMTTLSYNEQFF,LPKEITVAT,B*44:02
CASSVGTSDSYEQYF,CVMYASAVV,A*03:01
CATSRDRGSYEQYF,NVLTLVYKV,A*24:01
CASSPIETGGPPQHF,VMVELVAEL,B*40:01
CASGMDRAVNQPQHF,FPFTSFGPL,A*02:01
CASRVFTGSYNEQFF,LLLTILTSL,A*02:01
CATGQGHQPQHF,SIWNLDYII,A*02:01
CASSLAGTGNTEAFF,LTYHGAIKL,A*01:01
CASLGGTQPQHF,YTNSFTRGV,A*24:02
CASSPKWISGSRNEQFF,YTACSHAAV,B*44:02
CASSHNRGTGELFF,NYNYLYRLF,A*11:01
CASSGGLADTQYF,MPNMLRIMA,A*11:01
CASSSANTGGRETQYF,FMIDVQQWG,B*40:01
CASSQTGGRETQYF,GDAALALLL,B*07:02
CASRGGGSGANVLTF,WMVMFTPLV,A*03:01
CASSRSGTADTQYF,NYNYLYRLF,A*11:01
CASSQQTGWETQYF,TVYSHLLLV,B*40:01
CASSGRAYNEQFF,IVAGGIVAI,A*03:01
CASSLDAGTRNEQFF,ILTSLLVLV,A*03:01
CASSLSHANYGYTF,TPINLVRDL,B*07:02
CASSQDSDSGNTIYF,VLWAHGFEL,A*11:01
CASSFTGRTGELFF,RLITGRLQSL,A*03:01
CASSRTSGSRTDTQYF,NLHPDSATL,B*15:01
CSASGSNTGELFF,FLPGVYSVI,A*01:01
CSARQVDNQPQHF,TALALLLLD,B*07:02
CSAHKTGGLETQYF,NLDYIINLI,B*44:02
CASSYPVSYGYTF,ISQWLTNIF,B*07:02
CASSLQGARREAFF,VTDVTQLYL,B*40:01
CASSPGGGVGYTF,KPAPRELKV,A*02:01
CSAVGGRTYGYTF,EWSMATYYL,A*02
CASSKDRPNFYEQYF,MQVESDDYI,A*11:01
CASRQAAGNTIYF,LTDEMIAQY,A*24:02
CSAREDRVKNIQYF,AMMFTSDLA,A*24:02
CATRPGTSNTDTQYF,VPGLPGTIL,B*07:02
CASSLWHNYGYTF,TMCDIRQLL,A*03:01
CASSRIEYGYTF,YQDVDCTEV,A*11:01
CASSLDGGGWADTQYF,FLPGVYSVI,B*07:02
CASSRRAAGAYNEQFF,LPDDFMGCV,A*02
CSVDRGVGQPQHF,SLINTLNDL,A*11:01
CASSFLATLNSGNTIYF,FLNGSCGSV,A*11:01
CSAPPPLGNTEAFF,YLRPRTFLL,B*15:01
CASSPQASGRDEQFF,ALVYFLQSI,B*15:01
CASSLQSFSGNTIYF,LNKHIDAYK,A*02:01
CSALGTGNQPQHF,FPDLNGDVV,A*02:01
CASNTGTSGRVEQFF,KLIEYTDFA,B*40:01
CASSELGQGARGQETQYF,STQWSLFFF,A*01:01
CASSAAGGLGETQYF,IPARARVEC,B*15:01
CASSLGGQGGEKLFF,ALLADKFPV,B*15:01
CASSFQRLGTEAFF,YPLECIKDL,A*02:01
CASSLASGAIYF,ALYYPSARI,A*24:02
CASSFSGRGTRNEQFF,QLLFVVEVV,A*24:01
CASRYQGPNQPQHF,QLEMELTPV,B*15:01
CASSLGLTSGVTDTQYF,KITEHSWNA,A*02
CSARDQGYVNYGYTF,YVFHLYLQY,B*15:01
CASSFQGANEKLFF,IPIQASLSF,A*01:01
CASSPPGLAGNEQYF,RYRIGNYKL,B*40:01
CASSSAGGSSGNTIYF,LLDRLNQLE,A*24:01
CASSSPRVAVYNEQFF,APLLSAGIF,A*01:01
CASSLGTGRETQYF,FLALCADSI,A*02:01
CASRFGWDTGELFF,CLAYYFMRF,A*02
CSARPLRSGSYNEQFF,IMLCCMTSC,A*03:01
CASNSPTSRNEQFF,LPPANTNSF,B*44:02
CSARGGLGQRDRQPQHF,FLKKDAPYI,B*40:01
CASSPQSSYNEQFF,MASGGGETA,B*15:01
CASSEWNRRRSYEQYF,FSDVTWFHA,B*15:01
CASSLTGLAGGGYNEQFF,MLDMYSVML,A*11:01
CASSSTGQETQYF,SLSSTASAL,A*11:01
CASSRRTGKVNTDGYTF,LLFLMSFTV,A*02:01
CASSSGIGETQYF,VMVELVAEL,B*40:01
CASSDASNTEAFF,NYNYLYRLF,B*40:01
CSARNPTGELFF,GVYDYLVST,A*02:01
CSAQRQGGSQPQHF,FLLNKEMYL,A*24:02
CASSSPGLAGGEEQYF,LSDRVVFVL,A*03:01
CASSQEPVSYGYTF,FLTENLLLY,B*07:02
CASVTSGTGLNIQYF,TTEELPDEF,B*07:02
CASSLRGGSDSYEQYF,LPPANTNSF,A*03:01
CASSPRRDQPQHF,FFSYFAVHF,A*24:01
CASSRDIRGSYEQYF,NVLTLVYKV,A*24:02
CASSEQGANYEQYF,LFFSDVTWF,B*40:01
CASSPLAGGQTDTQYF,KLASHMYCS,B*15:01
CASSSAGGEAEAFF,VLQVRDVLV,A*11:01
CASSMGPRAEYGYTF,YADVFHLYL,A*02
CASSLDSSNEKLFF,ALNTPKDHI,A*02
CSVEWAGPNYGYTF,DKDPNFKDQ,B*07:02
CASSSGTATGELFF,TYHGAIKLD,A*24:02
CATEQRGQGYTF,VMVELVAEL,B*07:02
CSAGGGSGANVLTF,SMMILSDDA,A*01:01
CASSFSLASQYF,ELYHYQECV,A*11:01
CASKGTFSYEQYF,LNKHIDAYK,A*01:01
CASSQQGFYGYTF,SVLLFLAFV,A*24:01
CASSPIDTTDNSPLHF,QVVSDIDYV,A*24:01
CASTRGQDQFF,KLSYGIATV,A*11:01
CASVQGQGALNEQFF,KTFPPTEPK,A*24:01
CASRAGSSGNTIYF,VLCNSQTSL,A*03:01
CASRGGAYEQYF,TTLNDFNLV,A*24:01
CASSSIPLGEQFF,ILGLPTQTV,B*07:02
CASSSNSGSREQYF,TQMNLKYAI,A*02:01
CASGSGQGETGELFF,YFTSDYYQL,B*15:01
CASSPGLAGGHNEQFF,LLWPVTLAC,A*01:01
CASSTPRGLNTEAFF,IVDTVSALV,B*07:02
CSAREDGNTEAFF,QLCTQHQPY,B*07:02
CASSPGLAGLYEQYF,NTFSSTFNV,A*03:01
CASQGTSYEQYF,TGAIKLDDK,A*24:02
CASSGGLADYEQYF,ALLAVFQSA,B*15:01
CASSLVQTNTEAFF,KQLIKVTLV,B*44:02
CSGRQGRLGQPQHF,VINGDRWFL,A*02
CAISETSGNNEQFF,LPSYAALAT,A*01:01
CASSLDGRGTDTQYF,KSVDITFEL,A*01:01
CASSFRGGSYNEQFF,VINGDRWFL,B*07:02
