CDR3,Antigen,HLA,Rank
CADQDSNTGELFF,YLQPRTFLL,A*02:01,0.43100000000000005
CAEGERNTGELFF,YLQPRTFLL,A*02:01,0.863
CAEGNLNTGELFF,YLQPRTFLL,A*02:01,0.16400000000000003
CAEQDLNTGELFF,YLQPRTFLL,A*02:01,0.46599999999999997
CAGQEMNTGELFF,YLQPRTFLL,A*02:01,0.35
CAGQGLNTGELFF,YLQPRTFLL,A*02:01,0.401
CAIASQNTGELFF,YLQPRTFLL,A*02:01,0.885
CAIQDSNTGELFF,YLQPRTFLL,A*02:01,0.28
CAIQEANTGELFF,YLQPRTFLL,A*02:01,0.835
CAISELNQPQHF,YTNDKACPL,A*01:01,0.29300000000000004
CAISEMASGLSGELFF,PTDNYITTY,B*44:02,0.124
CAISETSGNNEQFF,LPSYAALAT,A*01:01,0.22899999999999998
CAKDDANTGELFF,YLQPRTFLL,A*02:01,0.519
CAMRTDPNTGELFF,YLQPRTFLL,A*02:01,0.14600000000000002
CANGDLNSGELFF,YLQPRTFLL,A*02:01,0.594
CANGSPNTGELFF,YLQPRTFLL,A*02:01,0.772
CANQDLNTGELFF,YLQPRTFLL,A*02:01,0.8
CAPGSANTGELFF,YLQPRTFLL,A*02:01,0.32599999999999996
CAQGDANTGELFF,YLQPRTFLL,A*02:01,0.659
CARGAANTGELFF,YLQPRTFLL,A*02:01,0.798
CARGSLNTGELFF,YLQPRTFLL,A*02:01,0.785
CARQDSNTGELFF,YLQPRTFLL,A*02:01,0.487
CASADLDTGELFF,YLQPRTFLL,A*02:01,0.30800000000000005
CASAEMNTGELFF,YLQPRTFLL,A*02:01,0.935
CASCQYGSNQPQHF,ILPDPSKPS,A*11:01,0.531
CASDRDRNTGELFF,YLQPRTFLL,A*02:01,0.963
CASEATNTGELFF,KTFPPTEPK,A*03:01,0.866
CASEDLNTGELFF,YLQPRTFLL,A*02:01,0.7050000000000001
CASFQDQNTGELFF,YLQPRTFLL,A*02:01,0.958
CASGDGNTGELFF,YLQPRTFLL,A*02:01,0.827
CASGDLNTGELFF,YLQPRTFLL,A*02:01,0.6699999999999999
CASGELNTGELFF,YLQPRTFLL,A*02:01,0.95
CASGHPNDLKAFF,YLQPRTFLL,A*02:01,0.5589999999999999
CASGMDRAVNQPQHF,FPFTSFGPL,A*02:01,0.03300000000000003
CASGNLNTGELFF,YLQPRTFLL,A*02:01,0.729
CASGREAPWNEQFF,SLLSVLLSM,A*02,0.08099999999999996
CASGSGQGETGELFF,YFTSDYYQL,B*15:01,0.871
CASGSLNTGELFF,YLQPRTFLL,A*02:01,0.17700000000000005
CASHSDRNTGELFF,YLQPRTFLL,A*02:01,0.139
CASISLNTGELFF,YLQPRTFLL,A*02:01,0.373
CASKGTFSYEQYF,LNKHIDAYK,A*01:01,0.138
CASLGDPNTGELFF,YLQPRTFLL,A*02:01,0.893
CASLGGTQPQHF,YTNSFTRGV,A*24:02,0.491
CASMDLNTGELFF,YLQPRTFLL,A*02:01,0.866
CASNPDRNTGELFF,YLQPRTFLL,A*02:01,0.26
CASNSPTSRNEQFF,LPPANTNSF,B*44:02,0.21999999999999997
CASNTGTSGRVEQFF,KLIEYTDFA,B*40:01,0.486
CASPDLNTGELFF,YLQPRTFLL,A*02:01,0.238
CASQDINTGELFF,YLQPRTFLL,A*02:01,0.877
CASQETNTGELFF,YLQPRTFLL,A*02:01,0.5800000000000001
CASQGTSYEQYF,TGAIKLDDK,A*24:02,0.45699999999999996
CASQQGNTGELFF,YLQPRTFLL,A*02:01,0.521
CASRAGSSGNTIYF,VLCNSQTSL,A*03:01,0.5429999999999999
CASRDLAGWNTGELFF,YLQPRTFLL,A*02:01,0.768
CASRDRDSLNTGELFF,YLQPRTFLL,A*02:01,0.881
CASRDRDSYEQYF,YLQPRTFLL,A*02:01,0.7030000000000001
CASRFGWDTGELFF,CLAYYFMRF,A*02,0.897
CASRGDREMNTGELFF,YLQPRTFLL,A*02:01,0.894
CASRGGGSGANVLTF,WMVMFTPLV,A*03:01,0.732
CASRGGQGMNTGELFF,YLQPRTFLL,A*02:01,0.31899999999999995
CASRGPGQMNTGELFF,YLQPRTFLL,A*02:01,0.827
CASRPAGGWGNEQFF,YLNSTNVTI,A*24:02,0.04600000000000004
CASRQAAGNTIYF,LTDEMIAQY,A*24:02,0.645
CASRRAADPYNEQFF,LMNVLTLFY,A*01:01,0.19199999999999995
CASRSGGTEAFF,SPRWYFYYL,B*07:02,0.5720000000000001
CASRVENTGELFF,YLQPRTFLL,A*02:01,0.784
CASRVFTGSYNEQFF,LLLTILTSL,A*02:01,0.43500000000000005
CASRYQGPNQPQHF,QLEMELTPV,B*15:01,0.603
CASSAAGGLGETQYF,IPARARVEC,B*15:01,0.917
CASSADIEQYF,YLQPRTFLL,A*02:01,0.06599999999999995
CASSADIGAFF,YLQPRTFLL,A*02:01,0.15800000000000003
CASSAGQNSYEQYF,SPRWYFYYL,B*07:02,0.28
CASSAGTGAYGYTF,QYIKWPWYI,A*24:02,0.14500000000000002
CASSDASNTEAFF,NYNYLYRLF,B*40:01,0.869
CASSDIDSGELFF,YLQPRTFLL,A*02:01,0.757
CASSDPGTGINF,LTYHGAIKL,B*07:02,0.604
CASSDQNTGELFF,YLQPRTFLL,A*02:01,0.04500000000000004
CASSDRRGTDTQYF,VINGDRWFL,B*07:02,0.471
CASSEAAGGRVAYEQYF,YADVFHLYL,B*40:01,0.622
CASSEGDEQYF,YLQPRTFLL,A*02:01,0.14200000000000002
CASSEGESNTGELFF,YLQPRTFLL,A*02:01,0.882
CASSEGLGELFF,KTFPPTEPK,A*03:01,0.122
CASSEGQRLLDF,QVVSDIDYV,A*01:01,0.133
CASSEGRGYEQFF,NYNYLYRLF,A*24:02,0.18799999999999994
CASSEIAGGNTGELFF,YLQPRTFLL,A*02:01,0.31000000000000005
CASSELGQGARGQETQYF,STQWSLFFF,A*01:01,0.552
CASSELNGFEAFF,YLQPRTFLL,A*02:01,0.062000000000000055
CASSEQGANYEQYF,LFFSDVTWF,B*40:01,0.44499999999999995
CASSERASPGNVLTF,SPRWYFYYL,B*07:02,0.623
CASSERDSPGNVLTF,SPRWYFYYL,B*07:02,0.473
CASSERNHLEAFF,YLQPRTFLL,A*02:01,0.624
CASSERNHLEAFF,YLQPRTFLL,A*02:01,0.624
CASSESYRGNTEAFF,SPRWYFYYL,B*07:02,0.07599999999999996
CASSESYRGNTEAFF,SPRWYFYYL,B*07:02,0.07599999999999996
CASSETQGYEQFF,NYNYLYRLF,A*24:02,0.729
CASSEVGVAVSTDTQYF,KQIYKTPPI,A*02:01,0.30300000000000005
CASSEVYSNQPQHF,NVFAFPFTI,A*24:02,0.10199999999999998
CASSEWLQETQYF,YLQPRTFLL,A*02:01,0.34199999999999997
CASSEWNRRRSYEQYF,FSDVTWFHA,B*15:01,0.248
CASSEWRGYEQYF,NYNYLYRLF,A*24:02,0.32299999999999995
CASSEYTGAGTGELFF,YTMADLVYA,A*24:02,0.581
CASSFGTSGEQFF,KPASRELKV,A*11:01,0.399
CASSFLATLNSGNTIYF,FLNGSCGSV,A*11:01,0.996
CASSFQGANEKLFF,IPIQASLSF,A*01:01,0.704
CASSFQRLGTEAFF,YPLECIKDL,A*02:01,0.5680000000000001
CASSFRGGSYNEQFF,VINGDRWFL,B*07:02,0.64
CASSFSGDRIDEQFF,FLEGETLPT,A*02,0.475
CASSFSLASQYF,ELYHYQECV,A*11:01,0.31000000000000005
CASSFTGRTGELFF,RLITGRLQSL,A*03:01,0.94
CASSGAGGDTGELFF,VLAWLYAAV,B*15:01,0.722
CASSGGLADTQYF,MPNMLRIMA,A*11:01,0.5449999999999999
CASSGGLADYEQYF,ALLAVFQSA,B*15:01,0.23299999999999998
CASSGGRNTEAFF,KTFPPTEPK,A*03:01,0.654
CASSGLAERNTGELFF,YLQPRTFLL,A*02:01,0.269
CASSGNRDRNTGELFF,YLQPRTFLL,A*02:01,0.347
CASSGRAYNEQFF,IVAGGIVAI,A*03:01,0.917
CASSHNRGTGELFF,NYNYLYRLF,A*11:01,0.815
CASSHTGGYEQFF,NYNYLYRLF,A*24:02,0.5880000000000001
CASSIGGTEAFF,LLYDANYFL,A*02:01,0.626
CASSILAGGNTGELFF,YLQPRTFLL,A*02:01,0.706
CASSIRTSGGQETQYF,NTFSSTFNV,A*11:01,0.599
CASSIWGHTTDTQYF,ALVYFLQSI,B*07:02,0.14900000000000002
CASSKDRPNFYEQYF,MQVESDDYI,A*11:01,0.556
CASSKGQSTDTQYF,FIDIKRGVY,A*02:01,0.702
CASSKRTDSYEQYF,PTDNYITTY,A*01:01,0.763
CASSLAAGQNNEQFF,KTFPPTEPK,A*03:01,0.876
CASSLADDEQFF,ALLSDLQDL,B*40:01,0.796
CASSLAEEEYEQYF,KLIEYTDFA,A*24:02,0.497
CASSLAGANEQFF,SPRWYFYYL,B*07:02,0.512
CASSLAGTEAFF,SPRWYFYYL,B*07:02,0.6799999999999999
CASSLAGTGNTEAFF,LTYHGAIKL,A*01:01,0.17300000000000004
CASSLASGAIYF,ALYYPSARI,A*24:02,0.817
CASSLDAGTRNEQFF,ILTSLLVLV,A*03:01,0.17900000000000005
CASSLDGGGWADTQYF,FLPGVYSVI,B*07:02,0.763
CASSLDGRGTDTQYF,KSVDITFEL,A*01:01,0.879
CASSLDLMGNQPQHF,FIDTKRGVY,A*01:01,0.30100000000000005
CASSLDSSNEKLFF,ALNTPKDHI,A*02,0.596
CASSLGAQGYNEQFF,YLAVFDKNL,A*11:01,0.43899999999999995
CASSLGATGDEQYF,LSPRWYFYY,A*02,0.696
CASSLGATNSPLHF,CVMYASAVV,A*02:01,0.637
CASSLGGDYGYTF,LPDDFMGCV,A*11:01,0.721
CASSLGGQGGEKLFF,ALLADKFPV,B*15:01,0.32199999999999995
CASSLGLTSGVTDTQYF,KITEHSWNA,A*02,0.42500000000000004
CASSLGQTEAFF,LLYDANYFL,A*02:01,0.18100000000000005
CASSLGREEGGELFF,TLLFLMSFT,A*24:02,0.599
CASSLGSEQYF,SPRWYFYYL,B*07:02,0.727
CASSLGSSGRPGGDTQYF,NTLQCIMLV,A*02:01,0.757
CASSLGTGRETQYF,FLALCADSI,A*02:01,0.781
CASSLIGRGEYGYTF,SVFNICQAV,B*44:02,0.33299999999999996
CASSLLDSLEQYF,YLQPRTFLL,A*02:01,0.751
CASSLNRANTEAFF,SPRWYFYYL,B*07:02,0.726
CASSLPPPSASGSKSNEQFF,RSRNSSRNL,A*02,0.899
CASSLQEGGTDTQYF,FSDVTWFHA,B*07:02,0.848
CASSLQGARREAFF,VTDVTQLYL,B*40:01,0.61
CASSLQSFSGNTIYF,LNKHIDAYK,A*02:01,0.08899999999999997
CASSLQVNTEAFF,QYIKWPWYI,A*24:02,0.17200000000000004
CASSLRGGSDSYEQYF,LPPANTNSF,A*03:01,0.42600000000000005
CASSLRGQLNTGELFF,SPRWYFYYL,B*07:02,0.847
CASSLSGQRGNQPQHF,LLLDRLNQL,B*07:02,0.031000000000000028
CASSLSHANYGYTF,TPINLVRDL,B*07:02,0.243
CASSLSYRGNNSPLHF,SPRWYFYYL,B*07:02,0.77
CASSLSYRGNQPQHF,SPRWYFYYL,B*07:02,0.779
CASSLSYRGNQPQHF,SPRWYFYYL,B*07:02,0.779
CASSLSYRGNQPQHF,SPRWYFYYL,B*07:02,0.779
CASSLSYRGNQPQHF,SPRWYFYYL,B*07:02,0.779
CASSLSYRGNSPLHF,SPRWYFYYL,B*07:02,0.31999999999999995
CASSLSYRGNTEAFF,SPRWYFYYL,B*07:02,0.10699999999999998
CASSLSYRGNTEAFF,SPRWYFYYL,B*07:02,0.10699999999999998
CASSLSYRGNTEAFF,SPRWYFYYL,B*07:02,0.10699999999999998
CASSLTGLAGGGYNEQFF,MLDMYSVML,A*11:01,0.28600000000000003
CASSLTSGYEQYF,NYNYLYRLF,A*24:02,0.653
CASSLVHQPQHF,YYRYNLPTM,B*07:02,0.632
CASSLVQTNTEAFF,KQLIKVTLV,B*44:02,0.253
CASSLVSLQETQYF,ALWEIQQVV,B*44:02,0.575
CASSLWHNYGYTF,TMCDIRQLL,A*03:01,0.494
CASSLWNTGELFF,SPRWYFYYL,B*07:02,0.542
CASSMGPRAEYGYTF,YADVFHLYL,A*02,0.862
CASSMSGLATEAFF,RVAGDSGFAAY,A*01:01,0.402
CASSNGNTGELFF,YLQPRTFLL,A*02:01,0.21699999999999997
CASSPDILAFF,YLQPRTFLL,A*02:01,0.010000000000000009
CASSPDILHTF,YLQPRTFLL,A*02:01,0.16400000000000003
CASSPDTHQPQHF,FPDLNGDVV,A*03:01,0.18500000000000005
CASSPDVEAFF,YLQPRTFLL,A*02:01,0.378
CASSPEDEQYF,YLQPRTFLL,A*02:01,0.52
CASSPEDIQYF,YLQPRTFLL,A*02:01,0.552
CASSPGGGVGYTF,KPAPRELKV,A*02:01,0.44699999999999995
CASSPGHYSNQPQHF,SPRWYFYYL,B*07:02,0.747
CASSPGLAGGHNEQFF,LLWPVTLAC,A*01:01,0.6619999999999999
CASSPGLAGLYEQYF,NTFSSTFNV,A*03:01,0.492
CASSPGLIATNTGELFF,FIASFRLFA,B*15:01,0.14
CASSPIAGGNTGELFF,YLQPRTFLL,A*02:01,0.124
CASSPIETGGPPQHF,VMVELVAEL,B*40:01,0.22099999999999997
CASSPKWISGSRNEQFF,YTACSHAAV,B*44:02,0.45799999999999996
CASSPLAGGEEKKETQYF,SPRWYFYYL,B*07:02,0.44699999999999995
CASSPLAGGQTDTQYF,KLASHMYCS,B*15:01,0.607
CASSPLFGGNTGELFF,YLQPRTFLL,A*02:01,0.6
CASSPLTGSPVAKNIQYF,SPRWYFYYL,B*07:02,0.512
CASSPNMFYGYTF,LYALVYFLQ,A*02,0.265
CASSPPGHGNTGELFF,YLQPRTFLL,A*02:01,0.014399999999999968
CASSPPGLAGNEQYF,RYRIGNYKL,B*40:01,0.09799999999999998
CASSPPGLGNTGELFF,YLQPRTFLL,A*02:01,0.44299999999999995
CASSPPPSPRELNTDTQYF,QYIKWPWYI,A*24:02,0.361
CASSPPSGGNTGELFF,YLQPRTFLL,A*02:01,0.27
CASSPPTGGNTGELFF,YLQPRTFLL,A*02:01,0.07799999999999996
CASSPQASGRDEQFF,ALVYFLQSI,B*15:01,0.33699999999999997
CASSPQSSYNEQFF,MASGGGETA,B*15:01,0.7070000000000001
CASSPSYRGNNSPLHF,SPRWYFYYL,B*07:02,0.92
CASSPTGGSMNEQFF,IKLDDKDPN,B*07:02,0.396
CASSPTRGGLLAGSTDTQYF,LLFNKVTLA,B*15:01,0.973
CASSQDGWGERVPQHF,GLFKDCSKV,A*24:02,0.804
CASSQDIYAFF,YLQPRTFLL,A*02:01,0.125
CASSQDKDIMNTEAFF,HLLLVAAGL,A*03:01,0.28
CASSQDLEAFF,FTSDYYQLY,A*11:01,0.632
CASSQDSDSGNTIYF,VLWAHGFEL,A*11:01,0.859
CASSQEPVSYGYTF,FLTENLLLY,B*07:02,0.276
CASSQQGGYEQFF,SPRWYFYYL,B*07:02,0.33199999999999996
CASSQQTGWETQYF,TVYSHLLLV,B*40:01,0.127
CASSQRNTGELFF,YLQPRTFLL,A*02:01,0.33299999999999996
CASSQSYRGNTEAFF,SPRWYFYYL,B*07:02,0.643
CASSQTGGRETQYF,GDAALALLL,B*07:02,0.382
CASSQVAGYEQYF,NYNYLYRLF,A*24:02,0.6579999999999999
CASSRDIRGSYEQYF,NVLTLVYKV,A*24:02,0.354
CASSRIEYGYTF,YQDVDCTEV,A*11:01,0.14600000000000002
CASSRLGTAGYTF,LLWPVTLAC,B*44:02,0.831
CASSRNQGREAAFF,KQLSSNFGA,B*07:02,0.14900000000000002
CASSRRAAGAYNEQFF,LPDDFMGCV,A*02,0.749
CASSRRTGKVNTDGYTF,LLFLMSFTV,A*02:01,0.502
CASSRSGTADTQYF,NYNYLYRLF,A*11:01,0.482
CASSRTSGSRTDTQYF,NLHPDSATL,B*15:01,0.5720000000000001
CASSSAGGEAEAFF,VLQVRDVLV,A*11:01,0.69
CASSSANTGGRETQYF,FMIDVQQWG,B*40:01,0.863
CASSSATFFEQNYGYTF,YLQPRTFLL,A*02:01,0.885
CASSSDDMRNTGELFF,YLQPRTFLL,A*02:01,0.19799999999999995
CASSSDIIAFF,YLQPRTFLL,A*02:01,0.07799999999999996
CASSSEIEAFF,YLQPRTFLL,A*02:01,0.0049000000000000155
CASSSGIGETQYF,VMVELVAEL,B*40:01,0.012399999999999967
CASSSGPKGTQYF,SPRWYFYYL,A*03:01,0.879
CASSSGTATGELFF,TYHGAIKLD,A*24:02,0.598
CASSSIPLGEQFF,ILGLPTQTV,B*07:02,0.401
CASSSLTSGAYNEQFF,SPRWYFYYL,B*07:02,0.403
CASSSNSGSREQYF,TQMNLKYAI,A*02:01,0.627
CASSSPGLAGGEEQYF,LSDRVVFVL,A*03:01,0.11699999999999999
CASSSPRVAVYNEQFF,APLLSAGIF,A*01:01,0.795
CASSSPTDTYEQYV,TVLSFCAFA,B*15:01,0.20799999999999996
CASSSQGAISNQPQHF,GLIAIVMVT,B*07:02,0.08499999999999996
CASSSSGQGAGEQYF,HTDLMAAYV,A*24:02,0.029000000000000026
CASSSTGQETQYF,SLSSTASAL,A*11:01,0.952
CASSTDREGITPQHF,ALSKGVHFV,A*02:01,0.127
CASSTGQVETQYF,LIDFYLCFL,A*24:02,0.8160000000000001
CASSTLATNEKLFF,SPRWYFYYL,B*07:02,0.31399999999999995
CASSTPRGLNTEAFF,IVDTVSALV,B*07:02,0.30700000000000005
CASSVGQGYEQYF,NYNYLYRLF,A*24:02,0.815
CASSVGTSDSYEQYF,CVMYASAVV,A*03:01,0.657
CASSYANTGELFF,YLQPRTFLL,A*02:01,0.8220000000000001
CASSYGPGTQYF,SLTYSTAAL,A*11:01,0.08099999999999996
CASSYIDSLEAFF,YLQPRTFLL,A*02:01,0.784
CASSYLAGGYNEQFF,SPRWYFYYL,B*07:02,0.916
CASSYPPRTPEYEQYF,VLLSVLQQL,A*02:01,0.31200000000000006
CASSYPVSYGYTF,ISQWLTNIF,B*07:02,0.635
CASSYSIPGHPTMYF,ALWEIQQVV,A*24:02,0.648
CASSYSYRGNDEQYF,SPRWYFYYL,B*07:02,0.869
CASTDANTGELFF,YLQPRTFLL,A*02:01,0.859
CASTELDTGELFF,YLQPRTFLL,A*02:01,0.51
CASTLDQNTGELFF,YLQPRTFLL,A*02:01,0.774
CASTPGAGEGYEQYF,TLVFLFVAA,B*15:01,0.885
CASTRGQDQFF,KLSYGIATV,A*11:01,0.02300000000000002
CASVTSGTGLNIQYF,TTEELPDEF,B*07:02,0.20399999999999996
CATDRNTEAFF,KTFPPTEPK,A*03:01,0.751
CATEQRGQGYTF,VMVELVAEL,B*07:02,0.406
CATGESNTGELFF,YLQPRTFLL,A*02:01,0.926
CATGGDHNTGELFF,YLQPRTFLL,A*02:01,0.18500000000000005
CATGQGHQPQHF,SIWNLDYII,A*02:01,0.051000000000000045
CATGRGGETGELFF,TLGVLVPHV,B*07:02,0.767
CATQDMNTGELFF,YLQPRTFLL,A*02:01,0.589
CATQTLNTGELFF,YLQPRTFLL,A*02:01,0.31599999999999995
CATQTLNTGELFF,YLQPRTFLL,A*02:01,0.31599999999999995
CATRPGTSNTDTQYF,VPGLPGTIL,B*07:02,0.30400000000000005
CATSDLNGGGYTF,SPRWYFYYL,B*07:02,0.8029999999999999
CATSDSGPSYNEQFF,RTIKGTYHW,B*44:02,0.29100000000000004
CATSESGGYEQYF,NYNYLYRLF,A*24:02,0.46699999999999997
CATSLLSTGELFF,SPRWYFYYL,B*07:02,0.31299999999999994
CATSRDSGLAGYTF,FPQSAPHGVVF,A*02:01,0.15000000000000002
CATSRGYRGEETQYF,YLDSTDVTI,A*03:01,0.385
CATSRLAGGYNEQFF,SPRWYFYYL,B*07:02,0.382
CATSRQSGPTLNSGNTIYF,SPRWYFYYL,B*07:02,0.685
CATSTGGQPQHF,SPRWYFYYL,B*07:02,0.131
CATTDLDSGELFF,YLQPRTFLL,A*02:01,0.21199999999999997
CATTELNTGELFF,YLQPRTFLL,A*02:01,0.911
CAWGGGWETQYF,IQPGQTFSV,B*15:01,0.595
CAWIELNTGELFF,YLQPRTFLL,A*02:01,0.821
CAWLRDMNTGELFF,YLQPRTFLL,A*02:01,0.14800000000000002
CAWRRITSTDTQYF,AIILASFSA,A*24:02,0.263
CSAGGGSGANVLTF,SMMILSDDA,A*01:01,0.15200000000000002
CSAHKTGGLETQYF,NLDYIINLI,B*44:02,0.17100000000000004
CSAHRDRNTGELFF,YLQPRTFLL,A*02:01,0.6819999999999999
CSALGTGNQPQHF,FPDLNGDVV,A*02:01,0.772
CSAMTTLSYNEQFF,LPKEITVAT,B*44:02,0.556
CSAPGLAGELFF,MEVTPSGTWL,B*15:01,0.469
CSAPPPLGNTEAFF,YLRPRTFLL,B*15:01,0.11699999999999999
CSAPRLAGTDTQYF,IPIQASLSF,A*03:01,0.761
CSAQRQGGSQPQHF,FLLNKEMYL,A*24:02,0.87
CSAQWDRNTGELFF,YLQPRTFLL,A*02:01,0.02400000000000002
CSARALAGEYLFF,PTDQSFYIV,A*11:01,0.996
CSARASGYSYEQYF,NPTIQKNVL,A*24:02,0.862
CSARDAGGQNTGELFF,YLQPRTFLL,A*02:01,0.489
CSARDDRALNTGELFF,YLQPRTFLL,A*02:01,0.96
CSARDERALNTGELFF,YLQPRTFLL,A*02:01,0.389
CSARDGQAMNTGELFF,YLQPRTFLL,A*02:01,0.955
CSARDHGATNTGELFF,YLQPRTFLL,A*02:01,0.882
CSARDIGTGAHYEQYF,QYIKWPWYI,A*24:02,0.28500000000000003
CSARDLAGMNTGELFF,YLQPRTFLL,A*02:01,0.827
CSARDLWGENTGELFF,YLQPRTFLL,A*02:01,0.782
CSARDPTQQNTGELFF,YLQPRTFLL,A*02:01,0.7150000000000001
CSARDQASQNTGELFF,YLQPRTFLL,A*02:01,0.725
CSARDQGYVNYGYTF,YVFHLYLQY,B*15:01,0.20899999999999996
CSARDQPAQNTGELFF,YLQPRTFLL,A*02:01,0.878
CSARDQQGQNTGELFF,YLQPRTFLL,A*02:01,0.898
CSARDRDRAYEQYF,QYIKWPWYI,A*24:02,0.49
CSARDRRVDSRNTGELFF,SPRWYFYYL,B*07:02,0.42600000000000005
CSARDRVGQNTGELFF,YLQPRTFLL,A*02:01,0.05400000000000005
CSARDSRGQNTGELFF,YLQPRTFLL,A*02:01,0.865
CSAREDGNTEAFF,QLCTQHQPY,B*07:02,0.249
CSAREDRVKNIQYF,AMMFTSDLA,A*24:02,0.888
CSARGGLGQRDRQPQHF,FLKKDAPYI,B*40:01,0.08699999999999997
CSARNDRGHNTGELFF,YLQPRTFLL,A*02:01,0.242
CSARNPTGELFF,GVYDYLVST,A*02:01,0.18000000000000005
CSARPLRSGSYNEQFF,IMLCCMTSC,A*03:01,0.827
CSARQVDNQPQHF,TALALLLLD,B*07:02,0.406
CSARSGLAGVADTQYF,LDRLNQLES,B*07:02,0.908
CSARTPMGQNTGELFF,YLQPRTFLL,A*02:01,0.831
CSASGSNTGELFF,FLPGVYSVI,A*01:01,0.893
CSASSRDSQNTGELFF,YLQPRTFLL,A*02:01,0.517
CSATRDLNTGELFF,YLQPRTFLL,A*02:01,0.384
CSAVFRGARNIQYF,FGDDTVIEV,A*24:02,0.856
CSAVGGRTYGYTF,EWSMATYYL,A*02,0.601
CSGRQGRLGQPQHF,VINGDRWFL,A*02,0.049000000000000044
CSVDEQVYGYTF,YTPSKLIEY,B*44:02,0.9390000000000001
CSVDRDRNTGELFF,YLQPRTFLL,A*02:01,0.496
CSVDRGVGQPQHF,SLINTLNDL,A*11:01,0.05900000000000005
CSVEGDRNTGELFF,YLQPRTFLL,A*02:01,0.0040999999999999925
CSVEQTDTEAFF,VIYMGTLSY,B*44:02,0.123
CSVETDRNTVEAFF,YLQPRTFLL,A*02:01,0.031000000000000028
CSVETDRNTVEAFF,YLQPRTFLL,A*02:01,0.031000000000000028
CSVEWAGPNYGYTF,DKDPNFKDQ,B*07:02,0.62
CSVGELNTGELFF,YLQPRTFLL,A*02:01,0.958
CSVGEQNTGELFF,YLQPRTFLL,A*02:01,0.28800000000000003
CSVGVSVPYNEQFF,KLVSSFLEM,B*44:02,0.239
CSVMDSLNTGELFF,YLQPRTFLL,A*02:01,0.519
CSVQVLNTGELFF,YLQPRTFLL,A*02:01,0.629
CSVSDRNDLVAFF,YLQPRTFLL,A*02:01,0.266
CSVSGGYGYTF,SPRWYFYYL,B*07:02,0.776
CSVSRDRNTGELFF,YLQPRTFLL,A*02:01,0.617
CSVTRDSNTGELFF,YLQPRTFLL,A*02:01,0.478
CSVVIYVARAAQSSYNEQFF,FLPFFSNVT,A*02,0.627
